prompt,label
how does event driven architecture work,general
give an overview of kafka streaming,general
explain microservices architecture,general
what is 251 divided by 331,math
write javascript example for mongodb,coding
implement kafka producer in c++,coding
calculate square root of 179,math
give an overview of rest api,general
explain event driven architecture,general
write c++ example for kubernetes,coding
give an overview of distributed systems,general
what is 173 divided by 8,math
calculate 186 + 401,math
build a simple docker consumer in javascript,coding
give an overview of microservices architecture,general
build a go api with fastapi,coding
calculate 286 + 173,math
solve equation 280x + 279 = 29,math
solve equation 15x + 175 = 245,math
compute 102 minus 214,math
write java example for kafka,coding
compute 14 minus 205,math
create python application using spring boot,coding
calculate 121 * 357,math
build a simple mongodb consumer in java,coding
create a java service using django,coding
create python application using flask,coding
compute 269 minus 279,math
what is distributed systems,general
what is 223 divided by 392,math
what is event driven architecture,general
explain the basics of microservices architecture,general
what are benefits of microservices architecture,general
create a java service using express,coding
explain kafka streaming,general
calculate 343 * 61,math
implement kafka producer in javascript,coding
what is kafka streaming,general
what is kafka streaming,general
implement mongodb producer in javascript,coding
explain rest api,general
find derivative of x^4,math
describe distributed systems,general
implement redis producer in c++,coding
give an overview of kafka streaming,general
how does kafka streaming work,general
create go application using spring boot,coding
describe microservices architecture,general
build a simple docker consumer in go,coding
what is kafka streaming,general
compute 445 minus 124,math
give an overview of distributed systems,general
create python application using express,coding
give an overview of kafka streaming,general
build a javascript api with flask,coding
what is event driven architecture,general
create a javascript service using express,coding
create a c++ service using django,coding
compute 483 minus 69,math
find derivative of x^2,math
calculate 81 + 17,math
calculate 222 + 335,math
explain event driven architecture,general
describe kafka streaming,general
write java code for kubernetes,coding
compute 491 minus 165,math
what are benefits of distributed systems,general
explain distributed systems,general
what are benefits of distributed systems,general
build a simple kubernetes consumer in python,coding
give an overview of microservices architecture,general
give an overview of kafka streaming,general
what are benefits of rest api,general
explain the basics of distributed systems,general
what is 138 divided by 345,math
write javascript code for kubernetes,coding
calculate 428 + 286,math
explain distributed systems,general
build a simple kubernetes consumer in javascript,coding
calculate 468 * 43,math
explain event driven architecture,general
build a simple redis consumer in java,coding
explain the basics of kafka streaming,general
find derivative of x^2,math
calculate 495 * 130,math
create a go service using django,coding
implement kubernetes producer in javascript,coding
write javascript code for kubernetes,coding
what are benefits of microservices architecture,general
explain rest api,general
calculate square root of 44,math
give an overview of kafka streaming,general
explain microservices architecture,general
build a c++ api with flask,coding
compute 177 minus 6,math
explain the basics of event driven architecture,general
create c++ application using express,coding
write c++ example for mongodb,coding
what is microservices architecture,general
implement kubernetes producer in go,coding
build a java api with django,coding
calculate 1 + 441,math
describe event driven architecture,general
create go application using spring boot,coding
what is 229 divided by 377,math
build a simple mongodb consumer in javascript,coding
build a javascript api with django,coding
create java application using fastapi,coding
how does rest api work,general
how does event driven architecture work,general
compute 83 minus 399,math
compute 43 minus 142,math
solve equation 50x + 138 = 422,math
compute 192 minus 175,math
explain microservices architecture,general
give an overview of distributed systems,general
write java example for kubernetes,coding
find derivative of x^4,math
explain the basics of microservices architecture,general
calculate square root of 158,math
how does event driven architecture work,general
create javascript application using spring boot,coding
what is 468 divided by 389,math
explain rest api,general
calculate 403 + 412,math
create a python service using flask,coding
solve equation 261x + 220 = 144,math
build a simple docker consumer in python,coding
find derivative of x^2,math
what is microservices architecture,general
find derivative of x^4,math
write go example for kubernetes,coding
calculate square root of 351,math
what is 276 divided by 1,math
describe distributed systems,general
compute 267 minus 112,math
explain distributed systems,general
calculate square root of 262,math
calculate 185 + 370,math
build a simple docker consumer in java,coding
give an overview of kafka streaming,general
give an overview of microservices architecture,general
describe distributed systems,general
what is event driven architecture,general
implement kubernetes producer in c++,coding
how does rest api work,general
create go application using spring boot,coding
explain event driven architecture,general
what are benefits of event driven architecture,general
what is event driven architecture,general
write java code for kubernetes,coding
what are benefits of event driven architecture,general
how does event driven architecture work,general
calculate 367 + 357,math
write javascript code for kubernetes,coding
build a c++ api with fastapi,coding
explain the basics of distributed systems,general
describe event driven architecture,general
create go application using express,coding
build a simple kubernetes consumer in go,coding
describe event driven architecture,general
calculate 389 + 71,math
calculate 66 + 404,math
create c++ application using flask,coding
what is event driven architecture,general
describe kafka streaming,general
describe microservices architecture,general
implement mongodb producer in c++,coding
explain rest api,general
compute 484 minus 258,math
calculate 395 + 471,math
explain the basics of rest api,general
compute 56 minus 382,math
calculate 293 + 472,math
compute 194 minus 6,math
how does rest api work,general
what is microservices architecture,general
create a python service using flask,coding
implement mongodb producer in c++,coding
describe rest api,general
build a simple kubernetes consumer in java,coding
implement mongodb producer in java,coding
build a c++ api with fastapi,coding
find derivative of x^2,math
calculate 133 + 136,math
write c++ example for docker,coding
solve equation 349x + 491 = 6,math
explain the basics of rest api,general
give an overview of event driven architecture,general
create c++ application using express,coding
write java code for kubernetes,coding
explain the basics of kafka streaming,general
give an overview of microservices architecture,general
write go example for kubernetes,coding
calculate square root of 82,math
implement kafka producer in java,coding
explain the basics of kafka streaming,general
describe distributed systems,general
create a go service using spring boot,coding
build a simple kafka consumer in java,coding
calculate 122 * 427,math
build a simple kafka consumer in python,coding
find derivative of x^3,math
what is 465 divided by 286,math
build a c++ api with fastapi,coding
compute 304 minus 63,math
give an overview of distributed systems,general
write python example for kafka,coding
give an overview of kafka streaming,general
how does distributed systems work,general
explain microservices architecture,general
compute 356 minus 500,math
how does event driven architecture work,general
what are benefits of microservices architecture,general
solve equation 234x + 302 = 137,math
build a python api with spring boot,coding
implement docker producer in c++,coding
find derivative of x^4,math
what is microservices architecture,general
calculate square root of 252,math
find derivative of x^4,math
create c++ application using flask,coding
build a simple mongodb consumer in java,coding
implement mongodb producer in javascript,coding
compute 431 minus 39,math
calculate 292 * 164,math
what are benefits of distributed systems,general
write c++ example for mongodb,coding
explain event driven architecture,general
implement kubernetes producer in c++,coding
what are benefits of event driven architecture,general
calculate 416 + 174,math
calculate 215 + 106,math
create a go service using express,coding
explain microservices architecture,general
calculate 49 * 281,math
describe distributed systems,general
create go application using django,coding
describe distributed systems,general
calculate 115 * 276,math
create python application using fastapi,coding
find derivative of x^2,math
write java code for kafka,coding
implement kafka producer in go,coding
explain rest api,general
build a python api with fastapi,coding
how does kafka streaming work,general
what are benefits of distributed systems,general
implement kafka producer in c++,coding
create a javascript service using express,coding
calculate square root of 350,math
solve equation 316x + 68 = 59,math
create java application using flask,coding
give an overview of distributed systems,general
what is 90 divided by 288,math
what is 446 divided by 32,math
calculate 418 + 73,math
what is rest api,general
write c++ code for kafka,coding
build a simple kubernetes consumer in javascript,coding
write python example for docker,coding
solve equation 499x + 24 = 321,math
create a go service using flask,coding
implement docker producer in c++,coding
write java code for kafka,coding
build a simple kafka consumer in python,coding
create java application using spring boot,coding
create python application using django,coding
write java example for redis,coding
write python code for kubernetes,coding
what is distributed systems,general
give an overview of rest api,general
calculate square root of 7,math
calculate square root of 1,math
how does distributed systems work,general
calculate 234 * 70,math
describe rest api,general
explain the basics of microservices architecture,general
calculate 498 + 26,math
what are benefits of microservices architecture,general
explain event driven architecture,general
explain microservices architecture,general
write go code for kubernetes,coding
compute 264 minus 13,math
write javascript example for mongodb,coding
explain the basics of kafka streaming,general
calculate 486 * 420,math
what is 310 divided by 190,math
find derivative of x^2,math
implement kafka producer in c++,coding
describe rest api,general
write javascript example for docker,coding
find derivative of x^5,math
find derivative of x^3,math
how does rest api work,general
write javascript code for mongodb,coding
build a java api with fastapi,coding
calculate square root of 366,math
what are benefits of microservices architecture,general
solve equation 449x + 348 = 201,math
build a simple docker consumer in c++,coding
give an overview of kafka streaming,general
explain the basics of microservices architecture,general
implement redis producer in go,coding
explain the basics of rest api,general
write java example for kafka,coding
calculate 478 + 450,math
explain the basics of kafka streaming,general
explain distributed systems,general
solve equation 12x + 412 = 469,math
write c++ code for docker,coding
create c++ application using spring boot,coding
calculate square root of 7,math
create a javascript service using express,coding
calculate square root of 57,math
calculate 320 + 91,math
build a simple kafka consumer in go,coding
build a go api with express,coding
describe event driven architecture,general
calculate 381 * 146,math
write python code for kafka,coding
implement kubernetes producer in python,coding
compute 366 minus 377,math
find derivative of x^2,math
how does microservices architecture work,general
calculate 491 * 51,math
implement kafka producer in go,coding
create c++ application using flask,coding
how does rest api work,general
build a simple redis consumer in python,coding
compute 169 minus 400,math
calculate square root of 119,math
write javascript code for mongodb,coding
find derivative of x^4,math
find derivative of x^2,math
create java application using fastapi,coding
build a simple kafka consumer in java,coding
what is 122 divided by 432,math
implement docker producer in javascript,coding
compute 352 minus 114,math
create a javascript service using django,coding
calculate 216 * 245,math
calculate square root of 346,math
what is 338 divided by 2,math
give an overview of event driven architecture,general
build a simple docker consumer in go,coding
calculate square root of 488,math
find derivative of x^3,math
create python application using express,coding
create javascript application using django,coding
calculate 17 + 119,math
how does microservices architecture work,general
describe kafka streaming,general
what is 214 divided by 230,math
write go example for redis,coding
what is 88 divided by 71,math
what are benefits of rest api,general
write c++ example for mongodb,coding
how does distributed systems work,general
create java application using django,coding
give an overview of event driven architecture,general
implement docker producer in c++,coding
explain event driven architecture,general
solve equation 179x + 74 = 425,math
implement kubernetes producer in c++,coding
what are benefits of event driven architecture,general
what is event driven architecture,general
compute 490 minus 317,math
create java application using spring boot,coding
find derivative of x^2,math
explain microservices architecture,general
what is 228 divided by 292,math
what is microservices architecture,general
how does microservices architecture work,general
explain distributed systems,general
explain the basics of rest api,general
give an overview of distributed systems,general
describe kafka streaming,general
describe distributed systems,general
explain rest api,general
build a simple mongodb consumer in go,coding
write python code for kafka,coding
solve equation 219x + 380 = 119,math
what are benefits of microservices architecture,general
calculate 262 + 432,math
create a javascript service using spring boot,coding
calculate 370 + 167,math
create a c++ service using fastapi,coding
give an overview of microservices architecture,general
write java example for kafka,coding
write go example for kubernetes,coding
create a c++ service using flask,coding
what is distributed systems,general
calculate 205 + 357,math
describe microservices architecture,general
solve equation 251x + 65 = 20,math
describe distributed systems,general
what is 455 divided by 429,math
create java application using express,coding
find derivative of x^4,math
calculate 414 + 120,math
calculate 331 + 186,math
find derivative of x^4,math
create java application using express,coding
build a simple docker consumer in go,coding
calculate square root of 110,math
create a java service using flask,coding
write java code for docker,coding
build a simple kafka consumer in javascript,coding
what are benefits of distributed systems,general
write java example for kafka,coding
build a javascript api with express,coding
create a go service using express,coding
explain rest api,general
explain the basics of event driven architecture,general
write go code for kafka,coding
implement redis producer in python,coding
build a simple kubernetes consumer in java,coding
calculate square root of 79,math
write java code for mongodb,coding
what are benefits of microservices architecture,general
calculate square root of 186,math
what is 347 divided by 116,math
calculate 418 * 155,math
create a c++ service using express,coding
find derivative of x^3,math
calculate square root of 268,math
build a simple docker consumer in java,coding
calculate 63 * 302,math
create a java service using spring boot,coding
describe rest api,general
what is 251 divided by 63,math
compute 15 minus 276,math
explain microservices architecture,general
how does distributed systems work,general
create a c++ service using fastapi,coding
calculate 479 + 311,math
explain the basics of microservices architecture,general
explain the basics of microservices architecture,general
calculate square root of 351,math
explain the basics of event driven architecture,general
compute 362 minus 4,math
what is 349 divided by 349,math
what are benefits of microservices architecture,general
explain the basics of distributed systems,general
build a simple docker consumer in go,coding
write go code for docker,coding
explain rest api,general
what are benefits of distributed systems,general
find derivative of x^4,math
write c++ example for kubernetes,coding
give an overview of kafka streaming,general
explain rest api,general
create javascript application using spring boot,coding
implement redis producer in java,coding
describe distributed systems,general
create a javascript service using spring boot,coding
find derivative of x^5,math
build a simple kubernetes consumer in javascript,coding
describe distributed systems,general
write java example for kafka,coding
calculate square root of 31,math
write java example for kafka,coding
how does event driven architecture work,general
what are benefits of distributed systems,general
implement kubernetes producer in go,coding
calculate 496 * 174,math
build a simple docker consumer in java,coding
write javascript example for kubernetes,coding
calculate 350 + 472,math
what are benefits of kafka streaming,general
build a simple kafka consumer in javascript,coding
calculate square root of 77,math
create c++ application using flask,coding
describe distributed systems,general
find derivative of x^3,math
calculate 394 + 352,math
calculate 437 + 119,math
describe microservices architecture,general
what is microservices architecture,general
build a simple kafka consumer in java,coding
what is distributed systems,general
find derivative of x^5,math
build a go api with express,coding
build a python api with flask,coding
calculate square root of 445,math
what is 468 divided by 488,math
create go application using express,coding
calculate square root of 180,math
compute 207 minus 361,math
what is 285 divided by 461,math
what are benefits of event driven architecture,general
what is event driven architecture,general
write python example for mongodb,coding
write java code for kafka,coding
write c++ code for kafka,coding
find derivative of x^5,math
calculate square root of 208,math
build a go api with flask,coding
write python example for redis,coding
create a java service using flask,coding
create go application using django,coding
calculate 264 * 118,math
describe rest api,general
find derivative of x^5,math
describe event driven architecture,general
what is 482 divided by 462,math
calculate 234 + 414,math
calculate 230 + 37,math
build a java api with django,coding
give an overview of event driven architecture,general
create a python service using fastapi,coding
create a c++ service using flask,coding
write python code for docker,coding
create java application using fastapi,coding
how does distributed systems work,general
what are benefits of microservices architecture,general
build a simple kafka consumer in python,coding
calculate 361 + 383,math
solve equation 360x + 132 = 40,math
what are benefits of kafka streaming,general
implement docker producer in javascript,coding
what are benefits of rest api,general
compute 109 minus 394,math
find derivative of x^3,math
explain rest api,general
implement docker producer in python,coding
what are benefits of rest api,general
calculate 351 + 349,math
compute 496 minus 431,math
what is event driven architecture,general
explain the basics of distributed systems,general
compute 157 minus 398,math
explain the basics of event driven architecture,general
what are benefits of kafka streaming,general
find derivative of x^2,math
describe kafka streaming,general
build a c++ api with fastapi,coding
create a python service using django,coding
explain distributed systems,general
compute 240 minus 493,math
calculate 442 * 492,math
give an overview of kafka streaming,general
write go code for mongodb,coding
explain kafka streaming,general
calculate square root of 190,math
find derivative of x^2,math
what is event driven architecture,general
calculate 386 + 346,math
find derivative of x^2,math
calculate square root of 483,math
calculate square root of 341,math
create a c++ service using flask,coding
what is 423 divided by 248,math
create a python service using fastapi,coding
calculate 159 + 22,math
find derivative of x^2,math
compute 444 minus 404,math
implement redis producer in javascript,coding
explain the basics of distributed systems,general
give an overview of kafka streaming,general
explain kafka streaming,general
how does rest api work,general
how does event driven architecture work,general
explain event driven architecture,general
write c++ example for docker,coding
calculate 224 * 348,math
solve equation 214x + 447 = 372,math
find derivative of x^2,math
how does event driven architecture work,general
explain the basics of kafka streaming,general
find derivative of x^5,math
what is event driven architecture,general
calculate 482 * 288,math
implement kubernetes producer in java,coding
build a java api with express,coding
what is distributed systems,general
explain the basics of rest api,general
write javascript example for kubernetes,coding
what are benefits of rest api,general
calculate 12 + 46,math
calculate 367 * 303,math
how does kafka streaming work,general
explain kafka streaming,general
find derivative of x^5,math
build a simple kubernetes consumer in go,coding
build a java api with flask,coding
explain kafka streaming,general
what are benefits of microservices architecture,general
write java code for mongodb,coding
implement kafka producer in c++,coding
find derivative of x^5,math
write javascript example for kafka,coding
build a go api with express,coding
implement redis producer in go,coding
find derivative of x^5,math
calculate square root of 159,math
compute 172 minus 179,math
find derivative of x^3,math
build a java api with flask,coding
build a c++ api with express,coding
calculate 319 * 240,math
create a c++ service using django,coding
calculate square root of 97,math
what is event driven architecture,general
what is distributed systems,general
explain the basics of rest api,general
build a simple mongodb consumer in python,coding
build a simple kafka consumer in javascript,coding
implement kubernetes producer in java,coding
calculate 263 + 110,math
build a c++ api with express,coding
explain kafka streaming,general
what is 486 divided by 410,math
what is 254 divided by 17,math
implement kubernetes producer in go,coding
explain distributed systems,general
give an overview of kafka streaming,general
build a c++ api with django,coding
what are benefits of distributed systems,general
write python example for redis,coding
give an overview of rest api,general
what is 433 divided by 452,math
compute 429 minus 140,math
create a javascript service using fastapi,coding
give an overview of rest api,general
build a go api with express,coding
compute 339 minus 114,math
calculate 494 * 447,math
how does kafka streaming work,general
create a c++ service using fastapi,coding
build a simple redis consumer in java,coding
compute 315 minus 98,math
what is event driven architecture,general
calculate square root of 185,math
create a java service using spring boot,coding
calculate square root of 33,math
compute 145 minus 253,math
calculate 5 * 120,math
create javascript application using django,coding
how does distributed systems work,general
explain kafka streaming,general
create a c++ service using spring boot,coding
write javascript example for mongodb,coding
implement kubernetes producer in c++,coding
calculate 262 + 262,math
create a go service using fastapi,coding
write go code for mongodb,coding
implement docker producer in go,coding
write javascript code for kubernetes,coding
write python example for mongodb,coding
calculate square root of 467,math
how does rest api work,general
how does distributed systems work,general
compute 438 minus 55,math
implement mongodb producer in go,coding
explain the basics of rest api,general
what is 330 divided by 451,math
explain the basics of microservices architecture,general
explain rest api,general
compute 473 minus 289,math
create go application using django,coding
create javascript application using flask,coding
explain distributed systems,general
explain rest api,general
what is 409 divided by 275,math
calculate 86 * 146,math
build a java api with fastapi,coding
implement redis producer in java,coding
create a python service using spring boot,coding
what are benefits of event driven architecture,general
compute 277 minus 152,math
find derivative of x^2,math
calculate 309 + 110,math
compute 310 minus 393,math
create a python service using flask,coding
explain the basics of distributed systems,general
explain microservices architecture,general
compute 425 minus 54,math
what is 97 divided by 139,math
build a python api with flask,coding
what is rest api,general
create a java service using express,coding
what is 390 divided by 51,math
build a simple redis consumer in javascript,coding
what are benefits of kafka streaming,general
calculate 225 * 436,math
how does microservices architecture work,general
explain the basics of event driven architecture,general
calculate 117 * 19,math
calculate 237 + 236,math
how does rest api work,general
how does distributed systems work,general
find derivative of x^5,math
calculate 268 * 272,math
build a simple kubernetes consumer in javascript,coding
implement docker producer in javascript,coding
explain the basics of rest api,general
describe event driven architecture,general
how does event driven architecture work,general
what is 225 divided by 87,math
compute 360 minus 46,math
what is 44 divided by 250,math
find derivative of x^3,math
calculate 290 * 500,math
explain kafka streaming,general
explain distributed systems,general
implement kubernetes producer in java,coding
calculate square root of 206,math
create a python service using flask,coding
calculate 388 * 300,math
calculate 20 * 461,math
create python application using express,coding
calculate 384 * 280,math
write c++ code for docker,coding
explain distributed systems,general
how does rest api work,general
implement mongodb producer in go,coding
solve equation 196x + 448 = 252,math
explain the basics of event driven architecture,general
how does microservices architecture work,general
what are benefits of kafka streaming,general
calculate square root of 66,math
calculate 323 + 42,math
how does rest api work,general
calculate 358 * 289,math
how does event driven architecture work,general
what is 462 divided by 336,math
create a javascript service using fastapi,coding
compute 123 minus 150,math
how does kafka streaming work,general
solve equation 437x + 389 = 407,math
write python code for redis,coding
give an overview of event driven architecture,general
explain the basics of event driven architecture,general
calculate square root of 186,math
create java application using express,coding
write java example for docker,coding
solve equation 51x + 169 = 39,math
implement mongodb producer in python,coding
compute 372 minus 428,math
what is 170 divided by 414,math
how does distributed systems work,general
create a javascript service using express,coding
explain distributed systems,general
what is kafka streaming,general
explain the basics of rest api,general
build a simple docker consumer in go,coding
explain rest api,general
how does kafka streaming work,general
explain kafka streaming,general
implement docker producer in python,coding
what is distributed systems,general
explain distributed systems,general
solve equation 156x + 248 = 430,math
create python application using fastapi,coding
build a simple kafka consumer in java,coding
build a simple kubernetes consumer in javascript,coding
write go code for kafka,coding
calculate square root of 433,math
what are benefits of kafka streaming,general
compute 252 minus 265,math
find derivative of x^4,math
what is 435 divided by 485,math
give an overview of rest api,general
implement redis producer in java,coding
create a javascript service using spring boot,coding
build a java api with flask,coding
calculate square root of 486,math
find derivative of x^5,math
calculate square root of 390,math
what is 10 divided by 485,math
what is rest api,general
calculate 55 + 268,math
calculate square root of 118,math
calculate 373 * 452,math
find derivative of x^5,math
describe kafka streaming,general
write javascript example for kafka,coding
what are benefits of kafka streaming,general
create c++ application using spring boot,coding
explain kafka streaming,general
build a javascript api with flask,coding
how does rest api work,general
what are benefits of event driven architecture,general
build a go api with fastapi,coding
create java application using flask,coding
build a c++ api with django,coding
what are benefits of distributed systems,general
how does event driven architecture work,general
compute 21 minus 228,math
build a simple redis consumer in javascript,coding
compute 293 minus 175,math
create a c++ service using fastapi,coding
calculate 149 + 13,math
calculate 437 * 124,math
calculate square root of 89,math
write python example for kafka,coding
implement docker producer in c++,coding
calculate square root of 26,math
what is kafka streaming,general
compute 470 minus 446,math
write go code for kubernetes,coding
what are benefits of rest api,general
build a simple kafka consumer in go,coding
write c++ code for redis,coding
explain microservices architecture,general
build a java api with django,coding
what is 188 divided by 10,math
build a go api with fastapi,coding
build a c++ api with django,coding
what is microservices architecture,general
solve equation 467x + 328 = 364,math
solve equation 493x + 456 = 63,math
create a javascript service using flask,coding
what is 55 divided by 363,math
create a java service using fastapi,coding
find derivative of x^3,math
describe rest api,general
explain the basics of rest api,general
what is distributed systems,general
build a python api with django,coding
calculate square root of 195,math
create javascript application using flask,coding
give an overview of kafka streaming,general
calculate square root of 183,math
calculate 69 * 400,math
create c++ application using flask,coding
build a simple mongodb consumer in python,coding
write javascript code for redis,coding
calculate 271 * 51,math
build a javascript api with django,coding
what are benefits of kafka streaming,general
calculate square root of 497,math
build a simple redis consumer in java,coding
calculate square root of 218,math
calculate 78 + 126,math
solve equation 106x + 423 = 454,math
write javascript example for mongodb,coding
what is 466 divided by 382,math
give an overview of microservices architecture,general
solve equation 459x + 363 = 110,math
implement redis producer in python,coding
explain microservices architecture,general
what is distributed systems,general
create javascript application using django,coding
what is rest api,general
compute 186 minus 426,math
compute 417 minus 208,math
implement mongodb producer in java,coding
build a java api with fastapi,coding
what is 68 divided by 111,math
compute 84 minus 332,math
create a java service using django,coding
calculate 126 + 366,math
what are benefits of kafka streaming,general
implement mongodb producer in javascript,coding
what is event driven architecture,general
calculate 194 + 252,math
calculate square root of 43,math
calculate 421 * 122,math
what is 375 divided by 365,math
write java code for kubernetes,coding
explain rest api,general
what are benefits of kafka streaming,general
create javascript application using django,coding
what are benefits of distributed systems,general
create a python service using django,coding
calculate 334 * 56,math
explain the basics of kafka streaming,general
build a simple redis consumer in c++,coding
implement redis producer in javascript,coding
write javascript example for kafka,coding
how does distributed systems work,general
compute 93 minus 7,math
create a java service using fastapi,coding
what are benefits of event driven architecture,general
how does event driven architecture work,general
compute 165 minus 12,math
write javascript code for mongodb,coding
give an overview of event driven architecture,general
what are benefits of distributed systems,general
explain the basics of rest api,general
compute 310 minus 202,math
implement redis producer in go,coding
calculate 304 * 351,math
build a python api with spring boot,coding
how does rest api work,general
find derivative of x^4,math
what are benefits of event driven architecture,general
what is 238 divided by 122,math
what are benefits of rest api,general
calculate 14 * 220,math
create python application using spring boot,coding
explain the basics of rest api,general
find derivative of x^3,math
explain microservices architecture,general
calculate square root of 377,math
compute 352 minus 347,math
write javascript example for docker,coding
create a python service using express,coding
what is event driven architecture,general
build a python api with flask,coding
how does distributed systems work,general
implement kubernetes producer in python,coding
write javascript example for mongodb,coding
explain the basics of microservices architecture,general
explain the basics of microservices architecture,general
create java application using flask,coding
how does microservices architecture work,general
create a c++ service using django,coding
describe rest api,general
solve equation 48x + 458 = 215,math
write go example for mongodb,coding
create c++ application using django,coding
explain the basics of microservices architecture,general
calculate square root of 411,math
build a simple docker consumer in python,coding
what is 50 divided by 331,math
give an overview of rest api,general
how does event driven architecture work,general
build a simple kafka consumer in java,coding
how does rest api work,general
build a simple docker consumer in c++,coding
calculate square root of 338,math
create a javascript service using flask,coding
how does rest api work,general
what are benefits of microservices architecture,general
write c++ example for kubernetes,coding
build a simple mongodb consumer in go,coding
give an overview of event driven architecture,general
what is 371 divided by 205,math
explain the basics of kafka streaming,general
compute 186 minus 298,math
compute 285 minus 136,math
explain kafka streaming,general
create a python service using django,coding
calculate 317 * 413,math
implement kafka producer in c++,coding
explain rest api,general
build a c++ api with spring boot,coding
give an overview of kafka streaming,general
explain kafka streaming,general
build a c++ api with fastapi,coding
what is 314 divided by 178,math
what is 93 divided by 433,math
implement redis producer in java,coding
write java code for docker,coding
how does event driven architecture work,general
calculate 115 + 317,math
compute 403 minus 431,math
compute 418 minus 249,math
calculate square root of 179,math
what is 129 divided by 340,math
find derivative of x^5,math
find derivative of x^3,math
what is 208 divided by 251,math
describe rest api,general
solve equation 473x + 333 = 12,math
explain the basics of distributed systems,general
find derivative of x^5,math
what are benefits of event driven architecture,general
build a simple kubernetes consumer in c++,coding
explain the basics of event driven architecture,general
create python application using django,coding
write javascript example for mongodb,coding
explain the basics of event driven architecture,general
create a c++ service using fastapi,coding
calculate 2 + 17,math
calculate 298 * 6,math
what are benefits of distributed systems,general
find derivative of x^3,math
calculate square root of 274,math
calculate 325 * 1,math
what is 299 divided by 447,math
write c++ code for redis,coding
compute 95 minus 495,math
find derivative of x^5,math
implement redis producer in c++,coding
implement redis producer in javascript,coding
calculate 220 * 439,math
what is 467 divided by 352,math
build a simple kubernetes consumer in go,coding
explain the basics of rest api,general
create a javascript service using express,coding
find derivative of x^4,math
give an overview of kafka streaming,general
compute 443 minus 312,math
explain distributed systems,general
give an overview of microservices architecture,general
explain the basics of event driven architecture,general
how does event driven architecture work,general
explain rest api,general
write python example for kubernetes,coding
build a python api with spring boot,coding
calculate 98 * 306,math
describe kafka streaming,general
what is 7 divided by 39,math
calculate 425 * 337,math
build a python api with django,coding
how does event driven architecture work,general
create a python service using fastapi,coding
compute 74 minus 255,math
calculate 328 + 8,math
build a java api with express,coding
write go example for kubernetes,coding
describe event driven architecture,general
explain rest api,general
create a go service using flask,coding
calculate 176 + 279,math
give an overview of distributed systems,general
build a go api with express,coding
what are benefits of rest api,general
create javascript application using flask,coding
explain the basics of kafka streaming,general
solve equation 133x + 457 = 394,math
create a c++ service using flask,coding
solve equation 169x + 245 = 387,math
build a java api with fastapi,coding
how does event driven architecture work,general
create a java service using django,coding
explain kafka streaming,general
build a javascript api with spring boot,coding
what is 242 divided by 146,math
write java code for kubernetes,coding
find derivative of x^3,math
build a simple docker consumer in python,coding
explain the basics of distributed systems,general
explain microservices architecture,general
calculate square root of 423,math
what are benefits of kafka streaming,general
give an overview of kafka streaming,general
write go code for kafka,coding
write go code for redis,coding
calculate square root of 371,math
implement docker producer in go,coding
compute 138 minus 254,math
write c++ code for docker,coding
create a python service using django,coding
calculate square root of 489,math
find derivative of x^2,math
create javascript application using express,coding
create a java service using express,coding
explain the basics of distributed systems,general
give an overview of distributed systems,general
describe microservices architecture,general
calculate 394 + 159,math
calculate 330 + 175,math
build a javascript api with django,coding
calculate 403 + 473,math
give an overview of kafka streaming,general
describe distributed systems,general
explain distributed systems,general
what is rest api,general
explain microservices architecture,general
build a simple mongodb consumer in python,coding
calculate square root of 271,math
give an overview of kafka streaming,general
what are benefits of kafka streaming,general
create a python service using fastapi,coding
create a c++ service using django,coding
create a go service using django,coding
what is 303 divided by 403,math
build a simple mongodb consumer in c++,coding
create java application using express,coding
describe distributed systems,general
describe rest api,general
what is event driven architecture,general
how does event driven architecture work,general
compute 86 minus 426,math
write go example for docker,coding
solve equation 118x + 389 = 500,math
build a simple kubernetes consumer in python,coding
find derivative of x^2,math
write javascript code for mongodb,coding
write java code for docker,coding
explain the basics of distributed systems,general
create java application using express,coding
write python code for docker,coding
calculate 318 + 437,math
explain the basics of event driven architecture,general
explain event driven architecture,general
give an overview of kafka streaming,general
solve equation 119x + 81 = 224,math
how does event driven architecture work,general
build a go api with express,coding
calculate square root of 47,math
what are benefits of distributed systems,general
what is distributed systems,general
how does event driven architecture work,general
solve equation 12x + 108 = 181,math
solve equation 277x + 387 = 310,math
write c++ code for docker,coding
calculate square root of 272,math
explain microservices architecture,general
what are benefits of rest api,general
explain rest api,general
give an overview of microservices architecture,general
find derivative of x^3,math
write c++ code for kubernetes,coding
what is microservices architecture,general
explain microservices architecture,general
how does distributed systems work,general
explain the basics of event driven architecture,general
what is 146 divided by 356,math
write java example for kubernetes,coding
what are benefits of distributed systems,general
describe rest api,general
solve equation 329x + 10 = 234,math
build a c++ api with spring boot,coding
find derivative of x^2,math
what is 300 divided by 391,math
calculate 177 * 343,math
write go example for kafka,coding
create a javascript service using flask,coding
describe distributed systems,general
give an overview of microservices architecture,general
write javascript example for docker,coding
explain the basics of event driven architecture,general
how does kafka streaming work,general
how does event driven architecture work,general
build a python api with django,coding
what are benefits of distributed systems,general
calculate 90 + 367,math
calculate square root of 333,math
implement redis producer in c++,coding
implement mongodb producer in go,coding
what is rest api,general
explain microservices architecture,general
implement redis producer in javascript,coding
solve equation 483x + 461 = 495,math
explain the basics of kafka streaming,general
create a c++ service using flask,coding
solve equation 205x + 39 = 447,math
how does distributed systems work,general
solve equation 140x + 24 = 425,math
calculate 352 + 82,math
build a python api with django,coding
build a python api with express,coding
what are benefits of microservices architecture,general
what is 178 divided by 42,math
what are benefits of event driven architecture,general
implement kubernetes producer in go,coding
compute 255 minus 377,math
calculate 204 + 126,math
compute 57 minus 153,math
create javascript application using django,coding
implement kubernetes producer in java,coding
find derivative of x^4,math
explain kafka streaming,general
calculate 70 + 453,math
create javascript application using flask,coding
explain microservices architecture,general
find derivative of x^5,math
create c++ application using express,coding
describe rest api,general
describe microservices architecture,general
write c++ example for mongodb,coding
calculate square root of 459,math
what are benefits of microservices architecture,general
give an overview of rest api,general
calculate square root of 144,math
compute 475 minus 137,math
compute 236 minus 425,math
give an overview of rest api,general
describe distributed systems,general
build a c++ api with django,coding
what is 277 divided by 463,math
what are benefits of microservices architecture,general
calculate square root of 440,math
create a c++ service using flask,coding
find derivative of x^2,math
calculate 28 + 73,math
write go example for mongodb,coding
give an overview of microservices architecture,general
create javascript application using fastapi,coding
build a simple docker consumer in java,coding
find derivative of x^4,math
build a simple redis consumer in go,coding
build a python api with django,coding
calculate 117 + 196,math
calculate 22 * 117,math
what is kafka streaming,general
what is 422 divided by 444,math
give an overview of rest api,general
calculate 100 + 195,math
solve equation 464x + 441 = 177,math
calculate 456 * 181,math
solve equation 184x + 394 = 262,math
what is distributed systems,general
what is microservices architecture,general
build a javascript api with fastapi,coding
build a simple docker consumer in python,coding
explain the basics of microservices architecture,general
calculate 91 * 9,math
implement kafka producer in java,coding
implement kubernetes producer in javascript,coding
calculate 301 + 12,math
solve equation 37x + 169 = 325,math
find derivative of x^3,math
calculate 244 + 323,math
implement mongodb producer in java,coding
implement kafka producer in go,coding
what is event driven architecture,general
what are benefits of microservices architecture,general
explain rest api,general
calculate 367 * 340,math
create java application using spring boot,coding
give an overview of microservices architecture,general
find derivative of x^4,math
write python code for mongodb,coding
create javascript application using flask,coding
what is 442 divided by 265,math
what is event driven architecture,general
write javascript code for kubernetes,coding
explain event driven architecture,general
describe event driven architecture,general
build a simple docker consumer in javascript,coding
what is 348 divided by 402,math
explain the basics of event driven architecture,general
build a simple kafka consumer in java,coding
create c++ application using spring boot,coding
explain the basics of rest api,general
calculate 25 + 499,math
write go example for kubernetes,coding
what is 190 divided by 395,math
compute 233 minus 130,math
what are benefits of distributed systems,general
explain rest api,general
how does distributed systems work,general
write c++ code for kafka,coding
find derivative of x^3,math
describe rest api,general
solve equation 63x + 444 = 183,math
what is microservices architecture,general
write python example for kubernetes,coding
create a python service using django,coding
what are benefits of event driven architecture,general
create java application using flask,coding
what is event driven architecture,general
explain rest api,general
explain the basics of rest api,general
explain microservices architecture,general
compute 383 minus 125,math
create go application using fastapi,coding
explain distributed systems,general
find derivative of x^3,math
build a java api with fastapi,coding
find derivative of x^4,math
write python code for kafka,coding
how does rest api work,general
calculate 473 + 312,math
give an overview of rest api,general
write go example for kubernetes,coding
create a java service using flask,coding
calculate 374 + 491,math
create a python service using django,coding
calculate 376 + 277,math
calculate square root of 161,math
write python example for mongodb,coding
what is microservices architecture,general
describe distributed systems,general
build a java api with flask,coding
find derivative of x^3,math
calculate 472 * 183,math
how does rest api work,general
what is microservices architecture,general
what is 314 divided by 25,math
build a javascript api with flask,coding
how does rest api work,general
what are benefits of rest api,general
how does event driven architecture work,general
build a java api with django,coding
write javascript code for mongodb,coding
implement redis producer in javascript,coding
write c++ example for mongodb,coding
find derivative of x^2,math
give an overview of rest api,general
solve equation 160x + 104 = 135,math
calculate square root of 274,math
solve equation 378x + 96 = 323,math
write java code for docker,coding
write go code for kubernetes,coding
calculate 357 * 193,math
create python application using django,coding
write java code for docker,coding
compute 238 minus 398,math
build a simple mongodb consumer in java,coding
what is kafka streaming,general
calculate 103 * 262,math
what are benefits of event driven architecture,general
describe rest api,general
give an overview of microservices architecture,general
give an overview of kafka streaming,general
describe rest api,general
build a simple docker consumer in java,coding
create java application using flask,coding
create a python service using spring boot,coding
build a go api with flask,coding
build a python api with django,coding
explain microservices architecture,general
explain the basics of rest api,general
create a java service using fastapi,coding
what is kafka streaming,general
solve equation 52x + 348 = 62,math
create a python service using django,coding
create a c++ service using flask,coding
create c++ application using spring boot,coding
create java application using django,coding
solve equation 348x + 208 = 311,math
calculate 207 * 378,math
calculate 186 + 139,math
calculate 3 + 447,math
what is 169 divided by 461,math
explain the basics of event driven architecture,general
find derivative of x^5,math
give an overview of event driven architecture,general
how does microservices architecture work,general
what is distributed systems,general
solve equation 374x + 89 = 395,math
compute 434 minus 312,math
write python code for kubernetes,coding
calculate 11 * 161,math
write c++ code for redis,coding
build a simple mongodb consumer in go,coding
compute 393 minus 490,math
solve equation 261x + 198 = 137,math
what is 396 divided by 160,math
describe kafka streaming,general
implement mongodb producer in c++,coding
write java example for redis,coding
how does distributed systems work,general
how does microservices architecture work,general
calculate 73 * 499,math
calculate square root of 424,math
build a simple redis consumer in java,coding
compute 187 minus 155,math
write c++ example for mongodb,coding
build a go api with spring boot,coding
what is microservices architecture,general
calculate 464 * 255,math
what are benefits of distributed systems,general
calculate 365 + 120,math
write java code for redis,coding
build a simple kafka consumer in go,coding
give an overview of microservices architecture,general
create c++ application using django,coding
describe event driven architecture,general
write java code for redis,coding
find derivative of x^3,math
what is 205 divided by 316,math
how does rest api work,general
what is 364 divided by 150,math
compute 470 minus 355,math
what are benefits of rest api,general
how does microservices architecture work,general
how does rest api work,general
implement kubernetes producer in java,coding
find derivative of x^2,math
calculate 166 * 478,math
what is 382 divided by 479,math
calculate square root of 45,math
what are benefits of distributed systems,general
explain distributed systems,general
write go example for docker,coding
find derivative of x^5,math
explain the basics of microservices architecture,general
calculate square root of 94,math
find derivative of x^3,math
write java code for kubernetes,coding
write go example for kubernetes,coding
calculate 145 + 402,math
explain the basics of event driven architecture,general
what is microservices architecture,general
compute 265 minus 371,math
describe event driven architecture,general
build a simple redis consumer in java,coding
give an overview of microservices architecture,general
what are benefits of kafka streaming,general
build a simple docker consumer in go,coding
calculate 438 + 357,math
what are benefits of kafka streaming,general
calculate 342 + 72,math
what are benefits of distributed systems,general
how does rest api work,general
calculate 315 * 110,math
describe event driven architecture,general
what is 162 divided by 162,math
create javascript application using express,coding
explain event driven architecture,general
build a simple kubernetes consumer in c++,coding
what are benefits of microservices architecture,general
explain the basics of distributed systems,general
find derivative of x^5,math
find derivative of x^5,math
create a java service using spring boot,coding
give an overview of kafka streaming,general
what are benefits of event driven architecture,general
calculate 477 + 493,math
calculate square root of 202,math
compute 72 minus 279,math
calculate 347 * 1,math
describe microservices architecture,general
create python application using spring boot,coding
what is 109 divided by 136,math
write java example for kafka,coding
how does distributed systems work,general
implement kubernetes producer in python,coding
compute 239 minus 335,math
calculate 494 + 280,math
find derivative of x^2,math
build a go api with fastapi,coding
how does event driven architecture work,general
create java application using django,coding
create java application using fastapi,coding
calculate 172 + 89,math
what is distributed systems,general
create javascript application using flask,coding
create a go service using express,coding
what is 97 divided by 381,math
what is 45 divided by 274,math
implement kubernetes producer in python,coding
what is 66 divided by 467,math
give an overview of distributed systems,general
create java application using flask,coding
write go code for kubernetes,coding
calculate 294 + 242,math
write java code for redis,coding
what is distributed systems,general
compute 84 minus 270,math
write java code for mongodb,coding
create python application using flask,coding
what are benefits of microservices architecture,general
create a python service using flask,coding
build a simple kafka consumer in java,coding
find derivative of x^4,math
what are benefits of rest api,general
give an overview of kafka streaming,general
what is rest api,general
write go example for docker,coding
what is 127 divided by 340,math
what is microservices architecture,general
how does rest api work,general
how does rest api work,general
implement redis producer in java,coding
calculate square root of 58,math
implement docker producer in python,coding
calculate square root of 336,math
what is 121 divided by 7,math
what is 409 divided by 126,math
calculate 282 + 329,math
calculate 70 + 118,math
write java example for redis,coding
build a c++ api with flask,coding
calculate 15 * 461,math
give an overview of event driven architecture,general
calculate 211 * 85,math
how does event driven architecture work,general
what is microservices architecture,general
write python code for redis,coding
write java code for kafka,coding
write java example for kubernetes,coding
what is event driven architecture,general
compute 211 minus 80,math
explain the basics of rest api,general
describe event driven architecture,general
build a java api with django,coding
write java example for kubernetes,coding
give an overview of event driven architecture,general
what are benefits of kafka streaming,general
explain event driven architecture,general
find derivative of x^2,math
solve equation 19x + 265 = 263,math
explain the basics of kafka streaming,general
build a python api with fastapi,coding
find derivative of x^4,math
build a simple kubernetes consumer in javascript,coding
write java code for kubernetes,coding
explain microservices architecture,general
build a python api with spring boot,coding
calculate 448 + 451,math
what is 86 divided by 259,math
find derivative of x^3,math
write java example for redis,coding
create a go service using django,coding
build a simple redis consumer in c++,coding
explain the basics of kafka streaming,general
write python example for kafka,coding
what is event driven architecture,general
build a simple kubernetes consumer in java,coding
write python example for docker,coding
implement docker producer in javascript,coding
what is event driven architecture,general
what is microservices architecture,general
explain rest api,general
create javascript application using flask,coding
build a simple docker consumer in java,coding
create a java service using django,coding
explain the basics of microservices architecture,general
explain event driven architecture,general
